{
  "scaling_results": [
    {
      "lam_sq": 20,
      "L": 2.995732273553991,
      "N": 24,
      "dim": 49,
      "D_null": 23,
      "D_signal": 26,
      "eps_0": 2.2761099090228173e-09,
      "eps_1": 9.26749382211283e-09,
      "spectral_gap": 6.9913839130900136e-09,
      "alpha_sq": 0.7410569338534353,
      "beta_sq": 0.25894306614656615,
      "term_signal": 3.163228495617299e-06,
      "term_null": 3.1621311516949035e-06,
      "term_cross": -6.323083537972246e-06,
      "cancel_factor": 2778.022059877979,
      "tw_scaled": 1.8408219610277698e-08,
      "m_spectral_gap": 0.013784030393117696,
      "w02_null_min": -1.2043865174123797e-11,
      "w02_null_max": 9.411998631356292e-11,
      "elapsed": 23.449795961380005
    },
    {
      "lam_sq": 50,
      "L": 3.912023005428146,
      "N": 31,
      "dim": 63,
      "D_null": 38,
      "D_signal": 25,
      "eps_0": 2.033399168582964e-09,
      "eps_1": 8.762001393834834e-09,
      "spectral_gap": 6.7286022252518695e-09,
      "alpha_sq": 0.7048025879490283,
      "beta_sq": 0.29519741205097244,
      "term_signal": 7.516856340347308e-07,
      "term_null": 7.508527432292111e-07,
      "term_cross": -1.5005049779523795e-06,
      "cancel_factor": 737.9293751743057,
      "tw_scaled": 2.2983264020876017e-08,
      "m_spectral_gap": 0.04287829317198671,
      "w02_null_min": -2.2430391733705157e-09,
      "w02_null_max": 4.381213266510194e-12,
      "elapsed": 32.03608274459839
    },
    {
      "lam_sq": 100,
      "L": 4.605170185988092,
      "N": 37,
      "dim": 75,
      "D_null": 49,
      "D_signal": 26,
      "eps_0": 1.853776661216697e-09,
      "eps_1": 8.416856683797023e-09,
      "spectral_gap": 6.563080022580326e-09,
      "alpha_sq": 0.6493597326763224,
      "beta_sq": 0.35064026732368125,
      "term_signal": 1.6175015265578105e-05,
      "term_null": 1.6174461506407225e-05,
      "term_cross": -3.23476229953139e-05,
      "cancel_factor": 17449.579376019898,
      "tw_scaled": 2.4823030267959743e-08,
      "m_spectral_gap": 0.039253041367048484,
      "w02_null_min": -1.0092872666941815e-10,
      "w02_null_max": 1.7972038203419451e-09,
      "elapsed": 39.082730531692505
    },
    {
      "lam_sq": 200,
      "L": 5.298317366548036,
      "N": 42,
      "dim": 85,
      "D_null": 59,
      "D_signal": 26,
      "eps_0": 1.619945739508921e-09,
      "eps_1": 8.161294693319219e-09,
      "spectral_gap": 6.5413489538102975e-09,
      "alpha_sq": 0.6134429273207465,
      "beta_sq": 0.3865570726792539,
      "term_signal": 6.814847320838067e-06,
      "term_null": 6.8144797780765665e-06,
      "term_cross": -1.3627707153177497e-05,
      "cancel_factor": 8412.446676953929,
      "tw_scaled": 2.4550959831692254e-08,
      "m_spectral_gap": 0.029555799961972346,
      "w02_null_min": -1.394389937698973e-11,
      "w02_null_max": 2.7530583112888165e-10,
      "elapsed": 45.36303997039795
    },
    {
      "lam_sq": 500,
      "L": 6.214608098422191,
      "N": 50,
      "dim": 101,
      "D_null": 75,
      "D_signal": 26,
      "eps_0": 1.266746232583938e-09,
      "eps_1": 7.720908853155735e-09,
      "spectral_gap": 6.454162620571797e-09,
      "alpha_sq": 0.5482282911172587,
      "beta_sq": 0.45177170888273965,
      "term_signal": 2.2354932284886612e-05,
      "term_null": 2.2354810098872112e-05,
      "term_cross": -4.470847563752584e-05,
      "cancel_factor": 35293.94798066892,
      "tw_scaled": 2.2528405965829105e-08,
      "m_spectral_gap": 0.06979797404061754,
      "w02_null_min": -7.299232892865798e-11,
      "w02_null_max": 2.587564558974022e-09,
      "elapsed": 55.317415714263916
    },
    {
      "lam_sq": 1000,
      "L": 6.907755278982137,
      "N": 55,
      "dim": 111,
      "D_null": 85,
      "D_signal": 26,
      "eps_0": 9.491448437317415e-10,
      "eps_1": 7.369410100284915e-09,
      "spectral_gap": 6.420265256553173e-09,
      "alpha_sq": 0.5029516961135841,
      "beta_sq": 0.4970483038864146,
      "term_signal": 8.530140636735689e-06,
      "term_null": 8.530135033570805e-06,
      "term_cross": -1.7059326525457227e-05,
      "cancel_factor": 17973.364801082706,
      "tw_scaled": 1.8348973631629818e-08,
      "m_spectral_gap": 0.024714093461164745,
      "w02_null_min": -7.194689148470995e-12,
      "w02_null_max": 3.250371339569702e-10,
      "elapsed": 63.82122182846069
    },
    {
      "lam_sq": 2000,
      "L": 7.600902459542082,
      "N": 61,
      "dim": 123,
      "D_null": 98,
      "D_signal": 25,
      "eps_0": 5.894463432761518e-10,
      "eps_1": 6.966362872835664e-09,
      "spectral_gap": 6.376916529559512e-09,
      "alpha_sq": 0.45445807537106225,
      "beta_sq": 0.5455419246289371,
      "term_signal": 6.294047726195984e-06,
      "term_null": 6.294101415234514e-06,
      "term_cross": -1.2587559695092828e-05,
      "cancel_factor": 21354.88639242544,
      "tw_scaled": 1.252934385853359e-08,
      "m_spectral_gap": 0.0950170019506219,
      "w02_null_min": -9.085420745312188e-09,
      "w02_null_max": 1.871434706233645e-10,
      "elapsed": 79.81032538414001
    },
    {
      "lam_sq": 5000,
      "L": 8.517193191416238,
      "N": 68,
      "dim": 137,
      "D_null": 112,
      "D_signal": 25,
      "eps_0": 3.140356055609578e-11,
      "eps_1": 6.384311532569778e-09,
      "spectral_gap": 6.352907972013682e-09,
      "alpha_sq": 0.3935446773937629,
      "beta_sq": 0.6064553226062397,
      "term_signal": 1.1630433325303957e-05,
      "term_null": 1.1630440011447055e-05,
      "term_cross": -2.3260841933188292e-05,
      "cancel_factor": 740707.1529878832,
      "tw_scaled": 7.296662181654121e-10,
      "m_spectral_gap": 0.1701169854583099,
      "w02_null_min": -2.2948172773112928e-08,
      "w02_null_max": 5.000575005603988e-10,
      "elapsed": 103.63757562637329
    }
  ],
  "fits": {
    "eps0_vs_lambda": {
      "alpha": -0.5968784989003499,
      "C": 2.682246123678564e-08,
      "R2": 0.6420708556071224
    },
    "eps0_vs_L": {
      "alpha": -2.889423974421002,
      "C": 1.1676829528919729e-07,
      "R2": 0.5274914915700226
    },
    "cancel_vs_lambda": {
      "alpha": 0.888568111283999,
      "C": 91.9541052952429,
      "R2": 0.6991523975674496
    },
    "cancel_vs_D_null": {
      "alpha": 2.9597516087455666,
      "C": 0.08200961248476855,
      "R2": 0.6085098620991545
    }
  }
}