{
  "a_n": [
    0.4971207781883141,
    0.01148597215757272,
    0.000123452018070318,
    8.323554813855271e-07,
    3.992226551344137e-09,
    1.461602576011096e-11,
    4.274540045536845e-14,
    1.0309626134618006e-16,
    2.0997698081495288e-19,
    3.6781410955007703e-22,
    5.6228575873227445e-25,
    7.591760130407282e-28,
    9.143342879020425e-31,
    9.906106633242745e-34,
    9.72469343305444e-37,
    8.704599666717711e-40,
    7.143486611174272e-43,
    5.4009704686146404e-46,
    3.778454654223714e-49,
    2.455407973097312e-52,
    1.4873763455841228e-55,
    8.425285117990102e-59,
    4.4758023629590085e-62,
    2.2357793006339163e-65,
    1.052723349819719e-68,
    4.68273888631736e-72,
    1.971904955101207e-75,
    7.876028978950696e-79,
    2.989101753666375e-82,
    1.0797189249118558e-85,
    3.717875411580664e-89
  ],
  "turan_ratios": [
    2.149687885000388,
    1.5941154994071736,
    1.40573777484618,
    1.3100630986372956,
    1.2518550071463492,
    1.2125692872476095,
    1.1841991797741591,
    1.1627117793484947,
    1.1458506067566914,
    1.1322525449269414,
    1.1210445325793454,
    1.111640949102445,
    1.1036340004271172,
    1.0967307937421393,
    1.0907154129271879,
    1.0854251124903558,
    1.0807348486821935,
    1.0765469248299955,
    1.0727838786188904,
    1.0693834842031464,
    1.0662951691263578,
    1.0634773991573785,
    1.0608957386792275,
    1.0585213911278677,
    1.056330086143048,
    1.0543012208523588,
    1.0524171899559278,
    1.0506628578166786,
    1.0490251385787575
  ],
  "thresholds": {
    "2": 0,
    "3": 0,
    "4": 0,
    "5": 0,
    "6": 0,
    "7": 0,
    "8": 0,
    "9": 0,
    "10": 0,
    "11": 0,
    "12": 0,
    "13": 0,
    "14": 0,
    "15": 0,
    "16": 0,
    "17": 0,
    "18": 0,
    "19": 0
  },
  "n_trust": 31
}