{
  "a_n": [
    0.4971207781883141,
    0.011485972157572718,
    0.000123452018070318,
    8.323554813855269e-07,
    3.992226551344137e-09,
    1.4616025760110957e-11,
    4.274540045536844e-14,
    1.0309626134618024e-16,
    2.0997698081495274e-19,
    3.678141095500772e-22,
    5.622857587320013e-25,
    7.591760130400995e-28,
    9.143342879136116e-31,
    9.906106633624924e-34,
    9.724693430358665e-37,
    8.704599485842162e-40,
    7.143486356687021e-43,
    5.400919320635893e-46,
    3.778704084255396e-49,
    2.45939824022296e-52,
    1.4776016263716077e-55,
    1.1234453984044912e-58,
    -2.367708370144676e-61,
    3.863699115726231e-63,
    1.7138973643214773e-66,
    7.736259374982232e-67,
    2.3052366844892727e-69,
    -3.2482757989545465e-72
  ],
  "turan_ratios": [
    2.1496878850003878,
    1.594115499407174,
    1.4057377748461792,
    1.3100630986372963,
    1.251855007146349,
    1.2125692872476068,
    1.1841991797741644,
    1.1627117793484905,
    1.14585060675725,
    1.1322525449267786,
    1.1210445325638483,
    1.11164094908861,
    1.1036340008042473,
    1.0967308158810858,
    1.0907154067577427,
    1.085435336939122,
    1.080643080523703,
    1.0749523619438375,
    1.083321774436605,
    0.7901943011317176,
    -0.3607599927784428,
    0.12915200438394164,
    -36.78693260653694,
    0.000982732460271373,
    151.4822373623986,
    -2.1146920169634287
  ],
  "thresholds": {
    "2": 0,
    "3": 0,
    "4": 0,
    "5": 0,
    "6": 0,
    "7": 0,
    "8": 0,
    "9": 0,
    "10": 0,
    "11": 0,
    "12": 0,
    "13": 0,
    "14": 0,
    "15": 0,
    "16": 0,
    "17": 0,
    "18": 0,
    "19": 0
  },
  "n_trust": 28
}