{
  "alphas_xi": [
    20808848.25531477
  ],
  "betas_xi": [
    0.0
  ],
  "N_estimated": 18432.033264961574,
  "R_values": [
    100.0,
    161.02620275609394,
    259.2943797404667,
    417.53189365604004,
    672.3357536499335,
    1082.636733874054,
    1743.3288221999874,
    2807.2162039411755,
    4520.35365636024,
    7278.953843983146,
    11721.022975334794,
    18873.918221350996,
    30391.95382313195,
    48939.00918477499,
    78804.62815669904,
    126896.10031679235,
    204335.97178569395,
    329034.4562312671,
    529831.6906283702,
    853167.8524172815,
    1373823.7958832637,
    2212216.29107045,
    3562247.890262444,
    5736152.510448681,
    9236708.571873866,
    14873521.072935117,
    23950266.19987486,
    38566204.211634725,
    62101694.18915616,
    100000000.0
  ],
  "T_xi": [
    -0.020381759394534783,
    -0.01929496838546588,
    -0.017992056702887598,
    -0.016526958853617175,
    -0.014969569103194085,
    -0.013388736229941635,
    -0.011841993930317473,
    -0.01037205961010294,
    -0.009007277685568953,
    -0.007763786622552157,
    -0.006648179940779406,
    -0.005660059995862669,
    -0.004794229860498679,
    -0.00404245076168413,
    -0.003394782061120333,
    -0.0028405592687984933,
    -0.0023690769858257057,
    -0.0019700415853890108,
    -0.00163385042532168,
    -0.0013517445003756385,
    -0.0011158717362007924,
    -0.0009192895229539873,
    -0.0007559278969192294,
    -0.0006205290034726042,
    -0.0005085739697104715,
    -0.00041620488316012613,
    -0.0003401470126003847,
    -0.0002776345344767564,
    -0.00022634168676325184,
    -0.00018432033264961572
  ]
}