{
  "R": 2.0,
  "N_estimated": -17.536500419576452,
  "even_moments_xi": [
    -37.89375109001653,
    -703.9682530038137,
    -9274.99775435552,
    -92326.10762094037,
    -661461.0961961453,
    -3225357.145375891,
    -9599213.12017131,
    -13191156.622411694
  ],
  "even_moments_zeros": [
    10057752.622686196,
    855657144549.5903,
    8.491301303453144e+16,
    9.115267497627577e+21,
    1.0263047033375029e+27,
    1.1931587585114812e+32,
    1.419432091538565e+37,
    1.7181380278462825e+42
  ],
  "hankel_eigenvalues": [
    -10682893.465986853,
    -3612.60863935141,
    19.320595079777945,
    416499.6461582226
  ]
}