{
  "N_values": [
    25,
    50,
    100,
    200
  ],
  "a_200": [
    5.2014210976698664e-15,
    -11.38502396146895,
    -12.617715724473547,
    -13.037217681148519,
    -13.19324239591231,
    -13.226603466016535,
    -13.190084565469416,
    -13.107764366012752,
    -12.991616188116433,
    -12.84729589883179,
    -12.676545045889753,
    -12.478575326660836,
    -12.251478608542602,
    -11.994310795347866,
    -11.710275375866596,
    -11.410982194830424,
    -11.120754210531436,
    -10.878445654705116,
    -10.733212141946304,
    -10.731822776392466,
    -10.898456873081491,
    -11.210162883133002,
    -11.571542535546335,
    -11.801579465316644,
    -11.670482416663065,
    -11.023672799469516,
    -9.94287588408566,
    -8.785719054252786,
    -7.9877414913429,
    -7.752511208588451,
    -7.955292817493216,
    -8.347723217028074,
    -8.758765141897461,
    -9.080485924633265,
    -9.181498633747852,
    -8.96635967269805,
    -8.506526308018154,
    -8.11299900250454,
    -8.297272123598688,
    -9.102079852836992,
    -9.404460969691964,
    -8.283942615227446,
    -6.493674680001973,
    -5.83958670273402,
    -6.977552650005122,
    -7.483727402606154,
    -5.806838512949583,
    -5.098122597575558,
    -8.124349910705396,
    -10.475481094179148,
    -7.770341481481705,
    -5.748443692500893,
    -8.008057431749428,
    -6.89861417086932,
    -3.312908373441008,
    -5.870450219777723,
    -6.8722718544437,
    -2.6308052399348236,
    -5.3872383728384365,
    -5.828813937460991,
    -2.7467243039129126,
    -5.5956384778547905,
    -2.5455804413648186,
    -5.714291471939176,
    -6.645168223465628,
    -6.657792594840024,
    -4.258118881248902,
    -2.6356839191606163,
    -3.0918284640882554,
    -3.9487694673336513,
    -3.232965422047764,
    -2.1287428117847442,
    -3.179500264901846,
    -5.377099211774413,
    -5.780773395485271,
    -3.6020349901791895,
    -2.0832683876820903,
    -2.5844942601769243,
    -3.838901431051347,
    -4.699764280067302,
    -3.6999716861173084,
    -1.841552813382503,
    -2.8939062294685467,
    -6.918191352327149,
    -15.427277346278496,
    -27.12148765795845,
    -17.356180047103035,
    -8.445514892963851,
    -5.63458735471509,
    -3.4187495624225916,
    -1.9505189377591625,
    -1.3629413600958775,
    0.843896630312224,
    2.675740338381838,
    -3.593162852511327,
    -0.5711667231496035,
    -12.03826434236415,
    -22.086485213924348,
    -26.434725151649733,
    -12.538147844401708,
    -5.199999991221173,
    -1.2116660154045718,
    -1.124781982642273,
    -2.6393693059780925,
    -2.8380185800434257,
    -0.8016634620128115,
    -1.4387150565672653,
    -16.057266719692233,
    -32.22555199633968,
    -17.08599207035728,
    -2.544937441837747,
    -1.318547566357,
    -1.7927969996248907,
    2.061712263018023,
    2.9920959927728448,
    -0.9792702594554007,
    -5.093511901948117,
    -12.72338070826572,
    -31.57552451802336,
    -16.935336940645282,
    0.7970720230423375,
    0.7996690278909903,
    -0.9633905263316757,
    2.923056575326534,
    0.2604365444974712,
    -4.151526860557335,
    -2.137131009137982,
    -15.779113879273186,
    -33.26381267179667,
    -9.452738446587334,
    -2.8222433629271957,
    2.4110782808828692,
    2.6639165666890046,
    -10.914242425409379,
    -20.800901849444454,
    -17.555805160623976,
    13.633249270408397,
    9.87962977640595,
    10.145162680732481,
    5.197047024863475,
    0.9950888232686145,
    -13.27811069894755,
    -47.43174709089667,
    -19.49859458004732,
    2.6010294479341702,
    -0.8515429283109331,
    -13.577381810850714,
    -6.157260152398826,
    -0.9708271907836898,
    4.29873407405915,
    0.5632199344104152,
    -11.674366624953496,
    -29.567788892689123,
    -18.181163849040562,
    -0.581293304592654,
    5.760169535103966,
    6.46773088602613,
    -1.6757756171595026,
    -11.891667467104986,
    -4.115664575623904,
    7.734700162092276,
    -0.17322927655800607,
    2.04453844570023,
    -33.84116855085871,
    -40.12325203913456,
    -7.906396104568425,
    4.328007874390516,
    -7.7254076864129395,
    -29.07682876739839,
    7.033971900812365,
    19.547382556378704,
    7.766004098883742,
    -16.562254701563017,
    -33.49928789959702,
    -6.585217477071915,
    9.67697770217621,
    5.55779814963544,
    -27.859669857651024,
    -10.460899240400604,
    2.5160301063099615,
    -24.883947213696636,
    -30.885960552055455,
    -7.453231156327003,
    5.077332950481346,
    -10.088385432269895,
    -35.27225228361867,
    4.205060287210193,
    30.968023916655927,
    16.997057623902347,
    -1.2475827787394842,
    -28.773679542355335,
    -10.48902376968236,
    25.288003929972533,
    15.613131733019943,
    -34.826861886363844,
    -35.1806383706028,
    1.3654777812870817,
    -35.43815978810343,
    -33.71180426950666,
    3.0320451267236006
  ],