{
  "n_violations": 0,
  "grid_size": [
    60,
    30
  ],
  "u_range": [
    -500.0,
    5000.0
  ],
  "v_range": [
    1.0,
    1000.0
  ],
  "min_ImT": -0.9993099506977544,
  "margins": [
    [
      1.0,
      NaN
    ],
    [
      1.2689610031679222,
      NaN
    ],
    [
      1.6102620275609394,
      NaN
    ],
    [
      2.043359717856942,
      NaN
    ],
    [
      2.592943797404667,
      NaN
    ],
    [
      3.2903445623126686,
      NaN
    ],
    [
      4.1753189365604015,
      NaN
    ],
    [
      5.298316906283708,
      NaN
    ],
    [
      6.7233575364993365,
      NaN
    ],
    [
      8.531678524172808,
      NaN
    ],
    [
      10.826367338740546,
      NaN
    ],
    [
      13.73823795883263,
      NaN
    ],
    [
      17.43328822199988,
      NaN
    ],
    [
      22.122162910704493,
      NaN
    ],
    [
      28.072162039411772,
      NaN
    ],
    [
      35.62247890262442,
      NaN
    ],
    [
      45.20353656360243,
      NaN
    ],
    [
      57.36152510448679,
      NaN
    ],
    [
      72.7895384398315,
      NaN
    ],
    [
      92.36708571873861,
      NaN
    ],
    [
      117.21022975334806,
      NaN
    ],
    [
      148.73521072935117,
      NaN
    ],
    [
      188.73918221350976,
      NaN
    ],
    [
      239.5026619987486,
      0.0014773679039261902
    ],
    [
      303.9195382313198,
      0.001817746020905828
    ],
    [
      385.6620421163472,
      0.002203240862244075
    ],
    [
      489.3900918477494,
      0.0026178204951983956
    ],
    [
      621.0169418915616,
      0.0030350792442955694
    ],
    [
      788.0462815669912,
      0.0034227747984643957
    ],
    [
      1000.0,
      0.0037510563313174895
    ]
  ]
}