{
  "N_zeros": 300,
  "rigidity_stats": {
    "min": 0.05305295277885332,
    "max": 6.834247730559635,
    "mean": 1.6844403990859023,
    "median": 1.4786479865724078
  },
  "rigidity_fit": {
    "a": 0.12945889987069714,
    "b": -0.17921393107302097,
    "R2": 0.2630422354400832,
    "gue_predicted_a": 0.025330295910584444
  },
  "min_spacing": {
    "value": 0.4182238710669708,
    "normalized": 0.29112488326095437,
    "collision_time": 0.021863900791280276
  },
  "derivative_scaling": 0.33697167086336355,
  "barrier_scaling": 1.5335046426830967,
  "zeros_below_unit_rigidity": 60
}